id,subreddit,title,num_comments,sentiment_score,pop_score
1ecgd2c,technology,"Google defends itself in proposed class action, says it never collected users’ personal information",59,0.0,0.8969399
1ecg9zv,technology,"State, city leaders announce deal for quantum technology facility on Chicago’s South Side",2,0.0,0.652822
1ececx4,technology,Online Dating is Out. Real-Life Romance is In.,35,0.5574,0.0
1ece699,technology,DeepMind AI gets silver medal at International Mathematical Olympiad,3,0.4767,0.47319752
1ecdb23,technology,Samsung hints at new products as it bets on AI to drive upgrades to its latest foldable phones,0,0.0,0.41011938
1eccf1p,technology,"CNBC's Cramer: Harris Much Better, More \"Sophisticated\" Than Biden On Wall Steet, Big Tech",71,0.4404,0.8605747
1ecc57z,technology,The Messy Reality Behind Trying To Protect The Internet From Terrible Laws,0,-0.4588,0.7450918
1ecah56,technology,OpenAI is taking on Google with a new artificial intelligence search engine | CNN Business,9,0.4767,0.57298094
1eca5zj,technology,Biggest U.S. tech sell-off for over a decade points to wider concerns surrounding high valuations — as Nasdaq 100 loses $1 trillion in market value on Wednesday,16,0.0258,0.84264433
1eca2iu,technology,OpenAI tests new search engine called SearchGPT amid AI arms race,0,0.0,0.0
1ec9s2j,technology,Uncle Sam accuses telco IT pro of decade-long spying campaign for China,1,-0.34,0.74744076
1ec8r2v,technology,Australian scientists genetically engineer common fly species to eat more of humanity’s waste,41,-0.4703,0.91808385
1ec8hai,technology,The Limits of the China Chip Ban,2,-0.5574,0.47111616
1ec7x75,technology,DJI Ban Not Moving Forward—Senate Drops the Countering CCP Drones Act from the 2025 NDAA,30,-0.5574,0.82451427
1ec7r1t,technology,"Looking From Space, Researchers Find Pollution Spiking Near E-Commerce Hubs",1,0.0,0.7682223
1ec7btz,technology,AI models collapse when trained on recursively generated data,24,-0.4939,0.7473714
1ec6tn5,technology,SearchGPT Prototype,1,0.0,0.0
1ec6qot,technology,Sundar Pichai wants real world results for his AI bots—so Google gave bonuses and golden bomber jackets to staff who came up with winning prompts,7,0.7906,0.659516
1ec5ntz,technology,X's AI chatbot 'Grok' spread misinformation about Minnesota's ballots. Does the tech giant care?,89,0.2263,0.92360204
1ec55y2,technology,"Cameo was once valued at $1 billion. Now it's so broke it can't pay a $600,000 fine.",1383,-0.2529,0.9385726
1ec4ngm,technology,Blumenthal’s kids online safety act advanced by U.S. Senate,21,0.5859,0.7920058
1ec45y4,technology,"PSVR2 App Will Be Available On Steam In August 2024, Hardware Requirements Revealed",10,0.0,0.69057715
1ec41bb,technology,"With Google in its sights, OpenAI unveils SearchGPT",5,0.0,0.5714286
1ec3phr,technology,SAG-AFTRA Video Game Performers Go on Strike After Contract Talks Stall on AI,66,-0.3182,0.92956173
1ebwagl,technology,Spotify Is Signaling More Price Increases in the Future,13,0.0,0.7692745
1ec365q,technology,Forget Sora — Kling AI video is now available to everyone,0,-0.2263,0.0
1ec2u3v,technology,"The streaming wars bring a new discounted bundle: Disney+, Hulu and Max",19,-0.5267,0.0
1ec2sfb,technology,FTC targets Mastercard in major investigation into AI-based surveillance pricing | You could be paying more than your neighbor for the same product from the same vendor,3,0.0,0.8278586
1ec25ah,technology,"Secure Boot is completely broken on 200+ models from 5 big device makers | Keys were labeled \"DO NOT TRUST.\" Nearly 500 device models use them anyway",61,-0.2484,0.9184431
1ec23hl,technology,OpenAI announces a search engine called SearchGPT; Alphabet shares dip,66,0.296,0.8637773
1ec1m7e,technology,"OpenAI announces SearchGPT, its AI-powered search engine",23,0.0,0.61426085
1ec1lye,technology,Machines might not take your job. But they could make it worse.,4,-0.631,0.5877746
1ec1ka3,technology,How Government Programs Help Fuel Tesla Profit,6,0.6808,0.6320005
1ec1j4c,technology,"How Olympics Officials Try to Catch \"Motor Doping\"",4,0.0,0.6713987
1ec0pz6,technology,Las Vegas transit system is nation's first to plan full deployment of AI surveillance system for weapons,11,-0.4404,0.7012347
1ec0nq2,technology,"New method turns banana waste into green textiles, energy | Scientists estimate that the banana agricultural waste in Pakistan could yield 57,488 million cubic meters of syngas.",4,-0.5423,0.77984047
1ec0nle,technology,"Israel tried to frustrate US lawsuit over Pegasus spyware, leak suggests",7,-0.743,0.7610726
1ebzxj2,technology,Court ruling may kill FCC fund that boosts broadband access and affordability,4,-0.5267,0.84813243
1ebzjsy,technology,Reddit Institutes Pay-to-Play Blockade Against Microsoft Bing,0,0.0,0.49783742
1ebyzf4,technology,TikTok source code stolen?,3,-0.4939,0.49783742
1ebyk53,technology,"Israel’s New $1.2 Billion Laser Will Be Nearly Unstoppable—And America Wants One, Too",179,0.0,0.905711
1ebyd3x,technology,We are Olivia Carville and Cecilia D'Anastasio and we cover online child safety issues and the video game industry at Bloomberg News. We recently finished an investigation on Roblox's struggles to keep pedophiles off the platform. Ask us anything!,59,-0.795,0.770762
1eby8ag,technology,Non-Google search engines blocked from showing recent Reddit results | Ars Technica,87,-0.2732,0.930647
1eby6xp,technology,"Racist, misogynist online disinformation is already being used against Kamala Harris' campaign",171,-0.6124,0.67118984
1eby64b,technology,Machines might not take your job. But they could make it worse,1,-0.631,0.700572
1ebxz0t,technology,Adobe exec compared Creative Cloud cancellation fees to ‘heroin’,26,0.4404,0.89380914
1ebx9ru,technology,"Data breach exposes US spyware maker behind Windows, Mac, Android and Chromebook malware | The Minnesota-based Spytech snooped on thousands of devices before it was hacked.",1,-0.4939,0.8399142
1ebwxo3,technology,"Spotify wants you to get Deluxe, a more expensive version with lossless audio and other perks",81,0.0,0.57487166
1ebwx5n,technology,Why It's So Easy to Fire Tech Employees These Days,210,0.1354,0.9007908
1ebwesr,technology,"Cars Are Now Rolling Computers, So How Long Will They Get Updates? Automakers Can’t Say",206,0.0,0.91976005
1ed36g1,technology,AI start-up Anthropic accused of ‘egregious’ data scraping,4,-0.296,0.71959776
1ed338k,technology,"Amazon under second investigation in Milan for tax evasion, sources say",0,0.1779,0.8917326
1ed2btt,technology,Mark Zuckerberg Just Intensified the Battle for AI’s Future,11,-0.3818,0.57938814
1ed26x1,technology,The Kids Online Safety Act And The Tyranny Of Laziness,3,0.4215,0.8561914
1ec8t8u,technology,"You can install Windows 11 on an iPhone, but you probably don’t want to",1,0.1154,0.0
1ecpjjh,technology,How to Stop Elon Musk From Training His AI On Your Data,11,-0.296,0.70367384
1ecrggy,technology,Tesla warns against wet towel trick to speed up Supercharging,13,-0.1531,0.8111035
1ecy50g,technology,ISPs seeking government handouts try to avoid offering low-cost broadband,7,-0.296,0.8778713
1ecy357,technology,X is training Grok AI on your data—here’s how to stop it,16,-0.296,0.665332
1ecy27d,technology,Warner Bros. Discovery sues NBA to secure media rights awarded to Amazon,1,0.7003,0.6912175
1ecxxnv,technology,July Windows Server updates break Remote Desktop connections,2,0.0,0.78299654
1ecxweg,technology,A Hacker ‘Ghost’ Network Is Quietly Spreading Malware on GitHub,49,0.0,0.9279166
1ecxj39,technology,Bing has been revamped to prioritize AI search results – whether you like it or not.,10,0.3612,0.6853036
1ecx95y,technology,"Apple signs on to voluntary US scheme to manage AI risks, White House says",7,-0.2732,0.85426307
1ecwo7s,technology,Feds award $1 million grant to help laid-off Texas Tesla employees,107,0.8271,0.932063
1ecvx2n,technology,Billions of Dollars for Ed Tech in Schools Are Now in Jeopardy. Here’s Why,4,-0.4767,0.7606472
1ecvdvg,technology,Paris Olympics broadcasters diverge on AI approach,1,0.0,0.0
1ecur2y,technology,There is no fix for Intel’s crashing 13th and 14th Gen CPUs — any damage is permanent | Here are the answers we got from Intel.,164,-0.6597,0.9425093
1ecunxz,technology,"Skip and Arc’teryx built a futuristic exoskeleton. Here’s what it’s like to walk in it",1,0.3612,0.6230769
1ecteip,technology,Here's how to disable X (Twitter) from using your data to train its Grok AI,138,0.0,0.9223641
1ectdqx,technology,European Commission denies responsibility for massive Microsoft IT outage,24,-0.4215,0.83267325
1ect83y,technology,"KOSA Will Come To The Senate Floor On Tuesday, Senators Paul & Wyden Explain Why It’s Still Bad",6,-0.5423,0.9172983
1ecsxye,technology,Microsoft finally adds mouse scroll controls to Windows 11 after years of people using a Registry tweak,38,0.0,0.9207018
1ecsjtj,technology,ChatGPT won't let you give it instruction amnesia anymore,583,0.0,0.947172
1ecrv8e,technology,NASA streams 4K video from aircraft to space (and back) at blistering speeds using laser tech,33,0.0,0.8621494
1ecrom6,technology,AI Video Generator Runway Trained on Thousands of YouTube Videos Without Permission,9,0.0,0.8346206
1ecrksu,technology,Reddit no longer showing in search results – unless it's Google search,64,-0.296,0.867355
1ecrght,technology,Beyond the Hype: Pixel 9 Pro's Leaked Video Reveals Exciting New Features,14,0.2263,0.44964877
1ecqzid,technology,"Here's why David Sacks, Paul Graham and other big Silicon Valley names had a brawl on X over VC behavior",9,0.0,0.5155678
1ecqfq7,technology,No return date for Nasa astronauts amid problems with Boeing Starliner capsule | Nasa says pair are not stranded but will stay at International Space Station until technical issues have been resolved,52,-0.1027,0.91094726
1ecpipq,technology,"Reddit is now blocking big search engines and their AI web crawlers from bringing up relevant posts – unless they pay up, and Google already has",43,-0.4588,0.90372854
1ecph55,technology,"A North Korean military intelligence operative has been indicted in a conspiracy to hack into American health care providers, NASA, U.S. military bases and international entities",14,0.4404,0.91894
1ecpgwa,technology,North Korea-backed cyber espionage campaign targets UK military,2,0.0,0.7396462
1ecp3px,technology,Windows 11 will soon add your Android phone to File Explorer,47,0.0,0.8362468
1ecoxqf,technology,"Sonos CEO apologizes for botched app redesign, promises month-by-month updates | Restoring previously present features is Sonos' No. 1 priority",180,0.6249,0.94274414
1ecosop,technology,Runway’s AI video generator trained on thousands of scraped YouTube videos,0,0.0,0.71392107
1ecoqb5,technology,China using AI to bring people back from dead,3,-0.6486,0.0
1eco2p3,technology,Mechanical Intelligence and Counterfeit Humanity,0,0.4767,0.6071068
1ecna1n,technology,"Russia to slow YouTube download speed by 70%, lawmaker says",21,0.0,0.86868346
1ecn5t5,technology,Maglev titanium heart now whirs inside the chest of a live patient,226,0.0,0.9774997
1ecn2tm,technology,OpenAI's massive operating costs could push it close to bankruptcy within 12 months | The ChatGPT maker could lose $5 billion this year,337,-0.4019,0.9240772
1ecmqzb,technology,Nvidia supplier SK Hynix to invest $6.8 bln in South Korea chip plant,1,0.0,0.5864405
1eclydd,technology,US solar production soars by 25 percent in just one year,69,0.0,0.9758748
1ecl99a,technology,"MIT researchers make hydrogen fuel from soda cans, seawater, caffeine | The aluminum is pretreated with a rare metal alloy that can react with seawater to generate hydrogen.",10,0.0,0.7756233
1eck65t,technology,"Spyware maker gets hacked, data reveals thousands of remotely controlled devices",144,-0.4019,0.9679536
1ecjxoj,technology,Google claims math breakthrough with proof-solving AI models,14,0.0,0.69870216
1ecjwfj,technology,Google's DeepMind AI takes home silver medal in complex math competition,0,0.4767,0.58133185
1eciv54,technology,Apple's no longer among top 5 smartphone vendors in China as domestic brands dominate market,276,-0.2263,0.92261344
1ecgppk,technology,Grindr is limiting location services at the Olympics to protect LGBTQ+ athletes,146,0.3818,0.8941548
